MLmodel0.png	girl
MLmodel2.png	girl
MLmodel8.png	boy
MLmodel16.png	boy
MLmodel10.png	boy
MLmodel14.png	girl
MLmodel29.png	boy
MLmodel30.png	boy
MLmodel31.png	child
MLmodel35.png	child
MLmodel36.png	child
MLmodel37.png	child
MLmodel20.png	boy
MLmodel55.png	boy
MLmodel61.png	boy
MLmodel62.png	boy
MLmodel70.png	boy
MLmodel76.png	boy
MLmodel79.png	boy
MLmodel60.png	child
MLmodel67.png	child
MLmodel69.png	child
MLmodel74.png	child
MLmodel65.png	girl
MLmodel87.png	girl
MLmodel90.png	girl
MLmodel99.png	imperfection
MLmodel103.png	imperfection
MLmodel81.png	imperfection
MLmodel92.png	child
MLmodel95.png	child
MLmodel42.png	imperfection
MLmodel77.png	imperfection
MLmodel106.png	girl
MLmodel107.png	boy
MLmodel111.png	imperfection
MLmodel115.png	imperfection
MLmodel116.png	imperfection
MLmodel117.png	imperfection
MLmodel118.png	imperfection
MLmodel120.png	imperfection
MLmodel123.png	imperfection
MLmodel134.png	boy
MLmodel135.png	boy
MLmodel159.png	imperfection
MLmodel198.png	girl
MLmodel199.png	girl
MLmodel191.png	imperfection
MLmodel181.png	imperfection
MLmodel174.png	imperfection
MLmodel146.png	imperfection