Id,Genre,Name,Surname,Gmail
0772c790-8d19-4924-a820-f7ddbfb44501,Female,Laia,Pereira,False
759d773f-d7c5-4c21-953a-bd894107bbd4,Female,Lorena,Iba√±ez,False
46590ef1-9770-49f6-8666-c583214d63b8,Male,Alex,Saez,False
6aa2b945-4175-4535-b6b9-6c0e83d0e0f2,Female,Lucia,Gutierrez,False
3b17c267-1adc-4e49-8281-e35afd57a249,Male,Francisco Manuel,Rey,False
514864ff-9952-4d8b-a44f-4a415416d760,Male,Juan Miguel,Camacho,False
2f35de23-ba54-41db-bd19-cae27370d1e7,Male,Hector,Arias,False
d43d1dc6-207a-44d7-a295-5ed58e4079fe,Female,Miriam,Duran,False
e5da9da3-b47e-4beb-a154-c6e9fd34f314,Female,Maria Mar,Guerrero,False
fa8adad1-bc41-4022-b73b-d33d438754c5,Female,Lucia,Gutierrez,False
71803ac0-e50a-4bad-bd45-41cd721740cc,Male,Gabriel,Cabrera,False
f751a472-87b0-4f05-a70e-805eb48d9726,Male,Esteban,Merino,False
0d4e2173-df54-4d0b-868b-c50cb1ed2177,Female,Margarita,Vidal,False
77e9ae90-bec5-485a-b099-8744ecd2643c,Male,Jorge,Gil,False
92ce364b-13b9-4e0a-be1a-997a6f6ff591,Female,Isabel Maria,Redondo,False
3fe0dabe-61d3-45bf-86a1-5cd81ad06584,Male,Eduardo,Castillo,False
ca7135a6-cb5e-487f-9556-39b93c592e57,Male,Luis,Vazquez,False
46a59a0a-ec71-4951-a531-7dbbdd9f39a0,Male,Raul,Ortega,False
e37ee968-9139-49f5-9f8c-f5374dfa1808,Female,Esther,Vega,False
eddf63ec-059a-45bc-9d6b-eb35770220f8,Female,Maria Cristina,Pardo,False
49cf91c5-0013-405b-be27-cb46ab0f30cc,Male,Jaime,Guerrero,False
018d2214-834f-412f-ab5c-cbd6c7a433ec,Female,Esther,Vega,False
4b4ce11b-a65c-436c-ba16-31f1c4616911,Male,Carmelo,Guillen,False
796c9cc5-7e41-4a4f-911e-aaf90bc8a167,Male,Jose Maria,Navarro,False
964ea63f-9d07-4935-a8e7-598c19143279,Male,Jose Maria,Navarro,False
bdf40cca-ff81-42a1-8829-577478df7054,Female,Emilia,Roman,False
21b75fff-bd16-4e93-a1cc-b670bc536719,Male,Moises,Bernal,False
9862b373-2a42-4a3c-8bfc-1b172f5009be,Female,Noemi,Roldan,False
df65b1bf-035d-433b-be8e-8b1802d92a11,Female,Martina,Rey,False
e13322b7-1ed8-41fa-b4b2-6a990e605e62,Female,Alejandra,Bravo,False
098e300b-cb6e-4d69-8a93-abd376fe6cc2,Male,Juan,Lopez,False
8561a130-6229-4120-a8dc-290a3e81d687,Female,Maria Belen,Vera,False
47306075-c98e-4a31-a608-bdbebdc0a892,Male,Ricardo,Vidal,False
5aa5affd-9a75-4ef4-af41-74f863278d2b,Male,Antonio Jose,Espinosa,False
7c627508-a95a-40d0-ab13-7cbc921c5ab0,Male,Jose Javier,Casado,False
d3707ff3-7dd3-419a-9436-4b95b170aeb8,Male,Jose Maria,Navarro,False
158f4af2-7ae3-4db0-919f-2f774fb81f62,Female,Blanca,Galan,False
47257409-5088-4c5a-bd63-ced9809699f0,Male,Josep,Gimenez,False
d2a4f784-6cee-4fca-8f2b-ae20a00c0561,Male,Juan Luis,Bravo,False
22741b7d-ab9a-4744-82f2-52a6d824cbfa,Male,Vicente,Marin,False
